name,gender,phone,email,address
Mona Pantling,Female,9,mpantling0@com.com,9301 Daystar Park
Eduardo Cranshaw,Male,65,ecranshaw1@ibm.com,91684 Lakewood Lane
Kim Moston,Male,63,kmoston2@hugedomains.com,12565 Northfield Center
Kylila Snuggs,Female,44,ksnuggs3@cafepress.com,049 Anhalt Drive
Tomas MacGown,Male,86,tmacgown4@usda.gov,281 Vermont Crossing
Silas Guyver,Male,1,sguyver5@slideshare.net,0 Dunning Point
Ives Tayler,Male,98,itayler6@mac.com,24 Sunbrook Way
Alano Bruggen,Male,77,abruggen7@sun.com,82162 Hudson Place
April Clute,Female,65,aclute8@hp.com,92964 Jenifer Way
Joellyn Dongall,Female,3,jdongall9@oakley.com,4 Hanover Avenue
Teresita Signe,Female,8,tsignea@amazonaws.com,65 Morning Park
Caty Mallabone,Female,36,cmallaboneb@homestead.com,29470 Delladonna Avenue
Peggie Melanaphy,Female,70,pmelanaphyc@fda.gov,6 Almo Hill
Selene Ligoe,Female,95,sligoed@bbc.co.uk,93 Park Meadow Lane
Coleen Branch,Female,57,cbranche@360.cn,03438 Eastwood Parkway
Frank Pattingson,Female,68,fpattingsonf@sitemeter.com,51094 Farragut Alley
Jillana Chittenden,Female,7,jchittendeng@xing.com,8262 Pepper Wood Point
Annabell Eadington,Female,24,aeadingtonh@google.fr,69 Autumn Leaf Crossing
Robbyn Argente,Female,4,rargentei@paypal.com,4 Bellgrove Point
Arnaldo Antonat,Male,40,aantonatj@discuz.net,602 Manufacturers Center
Darell Pleavin,Female,40,dpleavink@hc360.com,2944 Towne Circle
Wilhelm Petroff,Male,71,wpetroffl@bloglovin.com,051 Grasskamp Pass
Ethelin Maase,Female,17,emaasem@last.fm,53058 Browning Point
Beatrix Kingscote,Female,92,bkingscoten@msn.com,011 Schurz Parkway
Glenn Cannan,Male,43,gcannano@cnet.com,33 La Follette Pass
Terrell Klee,Male,66,tkleep@oracle.com,09 Roth Junction
Chev Giorgioni,Male,75,cgiorgioniq@ft.com,348 Elka Avenue
Svend Bredbury,Male,65,sbredburyr@networksolutions.com,06559 Independence Alley
Darell Darragon,Female,9,ddarragons@ucoz.com,84 Schiller Parkway
Hamlin Lafond,Male,69,hlafondt@mlb.com,59 Monica Way
Theresina Sparke,Female,3,tsparkeu@cyberchimps.com,69 Comanche Plaza
Rogerio Gallop,Male,2,rgallopv@bizjournals.com,29490 Hoepker Park
Calvin Josovich,Male,83,cjosovichw@businessinsider.com,6965 Talmadge Center
Marrissa Lober,Female,13,mloberx@pbs.org,4215 Parkside Street
Edouard Winfred,Male,4,ewinfredy@liveinternet.ru,83805 Kim Court
Edith De Gogay,Female,5,edez@cam.ac.uk,689 Riverside Court
Rhonda Doddemeade,Female,67,rdoddemeade10@fotki.com,4 Oak Parkway
Lynna Caitlin,Female,99,lcaitlin11@google.it,5645 Blackbird Alley
Annis Empleton,Female,67,aempleton12@nsw.gov.au,10 Stone Corner Point
Oates Ragate,Male,90,oragate13@stanford.edu,3 Bonner Point
Glen Pascall,Female,15,gpascall14@accuweather.com,49639 Northridge Plaza
Connie Cleyburn,Male,72,ccleyburn15@weather.com,36 Vidon Park
Mirilla Bubb,Female,3,mbubb16@discovery.com,1444 Sutteridge Terrace
Mikkel Akred,Male,4,makred17@boston.com,445 Meadow Vale Street
Krystal Doole,Female,32,kdoole18@gov.uk,977 Golf View Point
Cherilynn Antonijevic,Female,9,cantonijevic19@bravesites.com,74009 Cottonwood Pass
Kingsly Strevens,Male,21,kstrevens1a@google.de,2308 Eagan Park
Masha Buchan,Female,75,mbuchan1b@jiathis.com,3 Bayside Lane
Ariel Barens,Male,81,abarens1c@craigslist.org,2 Waywood Lane
Timi Purvey,Female,40,tpurvey1d@hhs.gov,8 Mesta Street
